id,domain,name,altNames,description,avgMonthlyPosts,paywall,topCategories,topTopics,topCountries,topLabels,avgBiasRating,adFontesBiasRating,allSidesBiasRating,mbfcBiasRating,monthlyVisits,globalRank,logoLarge,logoFavIcon,logoSquare
df996e7299334037bf4326f5ba21bcd1,foxnews.com,Fox News,"['foxnews', 'foxnews.com', 'tucker carlson', 'Rachel Maddow', 'Ingraham', 'Laura Ingraham', 'fox.com', 'fox news.com', 'fox news channel', 'rupert murdoch', 'murdoch', 'conservative', 'republican', 'maria bartiromo', 'sean hannity', 'hannity']",Major US-based news source for current news and video.,7257,False,"[{'name': 'Politics', 'count': 2341}, {'name': 'General', 'count': 2065}, {'name': 'Sports', 'count': 993}, {'name': 'World', 'count': 764}, {'name': 'Entertainment', 'count': 746}, {'name': 'Lifestyle', 'count': 330}, {'name': 'Health', 'count': 234}, {'name': 'Tech', 'count': 160}, {'name': 'Weather', 'count': 113}, {'name': 'Auto', 'count': 104}]","[{'name': 'Crime', 'count': 834}, {'name': 'Joe Biden', 'count': 486}, {'name': 'Social Issues', 'count': 411}, {'name': 'GOP', 'count': 310}, {'name': 'California', 'count': 257}, {'name': 'Florida', 'count': 233}, {'name': 'Sports Figures', 'count': 230}, {'name': 'Texas', 'count': 214}, {'name': 'Russia-Ukraine War', 'count': 213}, {'name': 'Donald Trump', 'count': 211}]","[{'name': 'us', 'count': 7446}]","[{'name': 'Pop Culture', 'count': 563}, {'name': 'Non-news', 'count': 312}, {'name': 'Opinion', 'count': 226}, {'name': 'Paid News', 'count': 11}, {'name': 'Fact Check', 'count': 3}, {'name': 'Press Release', 'count': 3}, {'name': 'Roundup', 'count': 3}, {'name': 'Gallery', 'count': 1}]",right,Right,Leans Right,Right,351320981.0,120.0,{'url': 'https://storage.googleapis.com/dev-dispatch-276213.appspot.com/Fox_News_Reg_e92dda05ca/Fox-News-Reg_Fox_News_Reg_e92dda05ca.png'},{'url': 'https://storage.googleapis.com/dev-dispatch-276213.appspot.com/Fox_News_Fav_Icon_fbbebffa72/Fox-News-FavIcon_Fox_News_Fav_Icon_fbbebffa72.png'},{'url': 'https://storage.googleapis.com/dev-dispatch-276213.appspot.com/Fox_News_Square_99b3c0fa73/Fox-News-Square_Fox_News_Square_99b3c0fa73.png'}
788762037edc4c1e8422d6a486707f9e,nypost.com,New York Post,"['nypost.com', 'nypost', 'ny post', 'ny post.com', 'the new york post', 'the post', 'nyc post', 'nycpost.com', 'newyork post']","News about New York, sports, business, entertainment, etc.",6525,False,"[{'name': 'Sports', 'count': 1545}, {'name': 'Politics', 'count': 557}, {'name': 'General', 'count': 378}, {'name': 'Entertainment', 'count': 349}, {'name': 'Tech', 'count': 102}, {'name': 'Finance', 'count': 75}, {'name': 'Health', 'count': 69}, {'name': 'Business', 'count': 59}, {'name': 'Travel', 'count': 56}, {'name': 'Weather', 'count': 40}]","[{'name': 'Basketball', 'count': 494}, {'name': 'Crime', 'count': 398}, {'name': 'NYC', 'count': 396}, {'name': 'Sports Figures', 'count': 373}, {'name': 'Football', 'count': 342}, {'name': 'NFL', 'count': 288}, {'name': 'Baseball', 'count': 279}, {'name': 'NBA', 'count': 246}, {'name': 'MLB', 'count': 218}, {'name': 'Joe Biden', 'count': 185}]","[{'name': 'us', 'count': 6801}]","[{'name': 'Non-news', 'count': 655}, {'name': 'Opinion', 'count': 416}, {'name': 'Pop Culture', 'count': 137}, {'name': 'Paid News', 'count': 55}, {'name': 'Gallery', 'count': 2}, {'name': 'Roundup', 'count': 2}]",leansRight,Right,Leans Right,Leans Right,172991431.0,292.0,{'url': 'https://storage.googleapis.com/dev-dispatch-276213.appspot.com/New_York_Post_Reg_bef7d20c3a/New-York-Post-Reg_New_York_Post_Reg_bef7d20c3a.png'},{'url': 'https://storage.googleapis.com/dev-dispatch-276213.appspot.com/New_York_Post_Fav_Icon_b850d60e7c/New-York-Post-FavIcon_New_York_Post_Fav_Icon_b850d60e7c.png'},{'url': 'https://storage.googleapis.com/dev-dispatch-276213.appspot.com/New_York_Post_Square_f7623a544f/New-York-Post-Square_New_York_Post_Square_f7623a544f.png'}
4cacbc6bb00f4e588f75480d382d2a4a,wsj.com,Wall Street Journal,"['wsj', 'the wall street journal', 'the journal', 'journal', 'finance', 'wall st', 'wall st.', 'the wsj']",Online coverage of breaking news and current headlines from the US and around the world.,3643,True,"[{'name': 'Finance', 'count': 999}, {'name': 'Politics', 'count': 655}, {'name': 'Tech', 'count': 362}, {'name': 'Entertainment', 'count': 269}, {'name': 'Business', 'count': 251}, {'name': 'Lifestyle', 'count': 178}, {'name': 'Sports', 'count': 110}, {'name': 'Health', 'count': 97}, {'name': 'Auto', 'count': 94}, {'name': 'Travel', 'count': 60}]","[{'name': 'Markets', 'count': 468}, {'name': 'Russia-Ukraine War', 'count': 208}, {'name': 'China', 'count': 134}, {'name': 'Ukraine', 'count': 125}, {'name': 'Joe Biden', 'count': 120}, {'name': 'Reviews', 'count': 94}, {'name': 'Cryptocurrency', 'count': 92}, {'name': 'Russia', 'count': 89}, {'name': 'Silicon Valley', 'count': 89}, {'name': 'Silicon Valley Bank', 'count': 83}]","[{'name': 'us', 'count': 3654}]","[{'name': 'Breaking', 'count': 928}, {'name': 'Opinion', 'count': 554}, {'name': 'Non-news', 'count': 525}, {'name': 'Pop Culture', 'count': 28}, {'name': 'Roundup', 'count': 24}, {'name': 'Paid News', 'count': 5}]",leansRight,Leans Right,Center,Leans Right,86351455.0,781.0,{'url': 'https://storage.googleapis.com/dev-dispatch-276213.appspot.com/WSJ_Reg_c1a7f335e6/WSJ-Reg_WSJ_Reg_c1a7f335e6.png'},{'url': 'https://storage.googleapis.com/dev-dispatch-276213.appspot.com/WSJ_Fav_Icon_d0911973d4/WSJ-FavIcon_WSJ_Fav_Icon_d0911973d4.png'},{'url': 'https://gawq.s3.us-east-2.amazonaws.com/WSJ_Sq_940b5e07a4.png'}
c4bdb76b5123488bb3391ea7c3cda07a,foxbusiness.com,Fox Business,"['fox biz', 'foxbusiness.com', 'finance', 'stock market', 'stocks', 'stock', 'etf', 'etfs', 'wall street', 'wall st', 'wall st.', 'foxbusiness', 'fox news', 'foxnews']","Business, financial, and investment news.",887,False,"[{'name': 'Finance', 'count': 465}, {'name': 'Politics', 'count': 266}, {'name': 'Lifestyle', 'count': 156}, {'name': 'Tech', 'count': 141}, {'name': 'Business', 'count': 104}, {'name': 'Travel', 'count': 49}, {'name': 'Auto', 'count': 46}, {'name': 'Entertainment', 'count': 34}, {'name': 'Sports', 'count': 26}, {'name': 'General', 'count': 18}]","[{'name': 'Markets', 'count': 311}, {'name': 'Economy', 'count': 142}, {'name': 'Joe Biden', 'count': 85}, {'name': 'Business Leaders', 'count': 71}, {'name': 'Silicon Valley', 'count': 61}, {'name': 'Silicon Valley Bank', 'count': 60}, {'name': 'Real Estate', 'count': 42}, {'name': 'Personal Finance', 'count': 37}, {'name': 'Airlines', 'count': 36}, {'name': 'Inflation', 'count': 36}]","[{'name': 'us', 'count': 1028}]","[{'name': 'Non-news', 'count': 41}, {'name': 'Pop Culture', 'count': 7}, {'name': 'Opinion', 'count': 5}, {'name': 'Roundup', 'count': 3}, {'name': 'Paid News', 'count': 1}]",unrated,,,,48809895.0,1629.0,{'url': 'https://storage.googleapis.com/dev-dispatch-276213.appspot.com/Fox_Business_Reg_d13d08d613/Fox-Business-Reg_Fox_Business_Reg_d13d08d613.png'},{'url': 'https://storage.googleapis.com/dev-dispatch-276213.appspot.com/Fox_News_Fav_Icon_25754dc4e2/Fox-News-FavIcon_Fox_News_Fav_Icon_25754dc4e2.png'},{'url': 'https://storage.googleapis.com/dev-dispatch-276213.appspot.com/Fox_News_Square_96dbfde6ca/Fox-News-Square_Fox_News_Square_96dbfde6ca.png'}
8f76b506b4ea4d979e25107ba95ef15b,breitbart.com,Breitbart,"['Republican', 'GOP', 'breitbart.com', 'brightbart', 'brietbart', 'breit bart', 'conservative']",Syndicated news and opinion.,7477,False,"[{'name': 'Politics', 'count': 2915}, {'name': 'Sports', 'count': 1318}, {'name': 'Entertainment', 'count': 798}, {'name': 'Tech', 'count': 476}, {'name': 'Finance', 'count': 344}, {'name': 'General', 'count': 307}, {'name': 'Health', 'count': 284}, {'name': 'Business', 'count': 254}, {'name': 'Lifestyle', 'count': 178}, {'name': 'Environment', 'count': 170}]","[{'name': 'Joe Biden', 'count': 429}, {'name': 'Social Issues', 'count': 409}, {'name': 'Russia-Ukraine War', 'count': 406}, {'name': 'Crime', 'count': 382}, {'name': 'Europe', 'count': 369}, {'name': 'Donald Trump', 'count': 306}, {'name': 'China', 'count': 262}, {'name': 'GOP', 'count': 224}, {'name': 'Ukraine', 'count': 194}, {'name': 'United Kingdom', 'count': 173}]","[{'name': 'us', 'count': 7884}]","[{'name': 'Opinion', 'count': 391}, {'name': 'Pop Culture', 'count': 363}, {'name': 'Non-news', 'count': 196}, {'name': 'Gallery', 'count': 12}, {'name': 'Fact Check', 'count': 6}, {'name': 'Roundup', 'count': 6}, {'name': 'Paid News', 'count': 1}, {'name': 'Press Release', 'count': 1}]",right,Right,Right,Right,37975751.0,2307.0,{'url': 'https://storage.googleapis.com/dev-dispatch-276213.appspot.com/Breitbart_Reg_176d6ec613/Breitbart-Reg_Breitbart_Reg_176d6ec613.png'},{'url': 'https://storage.googleapis.com/dev-dispatch-276213.appspot.com/Breitbart_Fav_Icon_189f4a42cd/Breitbart-FavIcon_Breitbart_Fav_Icon_189f4a42cd.png'},{'url': 'https://storage.googleapis.com/dev-dispatch-276213.appspot.com/Breitbart_Square_0fee63276d/Breitbart-Square_Breitbart_Square_0fee63276d.png'}
26c1ab4c0cda4fa59f9254f9ba6112f9,zerohedge.com,ZeroHedge,"['zero hedge', 'hedge', 'zerohedge.com']",Blog presenting staff-written articles and aggregating news and opinions from external sources.,1482,False,"[{'name': 'Politics', 'count': 755}, {'name': 'Finance', 'count': 667}, {'name': 'Tech', 'count': 70}, {'name': 'Health', 'count': 62}, {'name': 'Business', 'count': 35}, {'name': 'General', 'count': 35}, {'name': 'Auto', 'count': 23}, {'name': 'Weather', 'count': 22}, {'name': 'Environment', 'count': 20}, {'name': 'Entertainment', 'count': 12}]","[{'name': 'Markets', 'count': 544}, {'name': 'Russia-Ukraine War', 'count': 154}, {'name': 'Joe Biden', 'count': 77}, {'name': 'China', 'count': 72}, {'name': 'Russia', 'count': 71}, {'name': 'Coronavirus', 'count': 67}, {'name': 'Ukraine', 'count': 67}, {'name': 'Social Issues', 'count': 39}, {'name': 'Inflation', 'count': 38}, {'name': 'Cryptocurrency', 'count': 36}]","[{'name': 'us', 'count': 1539}]","[{'name': 'Non-news', 'count': 136}, {'name': 'Opinion', 'count': 19}, {'name': 'Pop Culture', 'count': 2}]",leansRight,Leans Right,Leans Right,Right,34980856.0,2393.0,{'url': 'https://storage.googleapis.com/dev-dispatch-276213.appspot.com/Zero_Hedge_Small_3c9727e864/Zero_Hedge_Small_3c9727e864.png'},{'url': 'https://storage.googleapis.com/dev-dispatch-276213.appspot.com/Zero_Hedge_Fav_Icon_c1b693887f/Zero_Hedge_Fav_Icon_c1b693887f.png'},{'url': 'https://storage.googleapis.com/dev-dispatch-276213.appspot.com/Zero_Hedge_Square_Dark_4aa01c25cc/Zero_Hedge_Square_Dark_4aa01c25cc.png'}
0431014ef57d40d094c2886dde9b8288,thegatewaypundit.com,,[],,1414,,"[{'name': 'Politics', 'count': 887}, {'name': 'Entertainment', 'count': 91}, {'name': 'General', 'count': 87}, {'name': 'Health', 'count': 78}, {'name': 'Tech', 'count': 69}, {'name': 'Finance', 'count': 42}, {'name': 'Sports', 'count': 38}, {'name': 'Lifestyle', 'count': 35}, {'name': 'Business', 'count': 30}, {'name': 'Environment', 'count': 19}]","[{'name': 'Donald Trump', 'count': 216}, {'name': 'Joe Biden', 'count': 211}, {'name': 'Crime', 'count': 88}, {'name': 'Social Issues', 'count': 85}, {'name': 'Coronavirus', 'count': 71}, {'name': 'Russia-Ukraine War', 'count': 71}, {'name': 'Media', 'count': 68}, {'name': 'GOP', 'count': 57}, {'name': 'Tucker Carlson', 'count': 43}, {'name': 'DNC', 'count': 42}]","[{'name': 'us', 'count': 1462}]","[{'name': 'Non-news', 'count': 89}, {'name': 'Pop Culture', 'count': 12}, {'name': 'Opinion', 'count': 11}, {'name': 'Press Release', 'count': 2}, {'name': 'Gallery', 'count': 1}]",,,,,30910731.0,3235.0,,,
37a048d0d1c34045a275fea6b8818300,theepochtimes.com,The Epoch Times,"['et', 'epochtimes', 'epochtimes.com', 'theepochtimes.com', 'epoch time', 'conservative', 'Falun Gong', 'epoch media']",Conservative international multi-language newspaper & media company.,4978,False,"[{'name': 'Politics', 'count': 892}, {'name': 'General', 'count': 267}, {'name': 'Health', 'count': 243}, {'name': 'Finance', 'count': 152}, {'name': 'Sports', 'count': 103}, {'name': 'Tech', 'count': 76}, {'name': 'Business', 'count': 73}, {'name': 'Entertainment', 'count': 73}, {'name': 'Auto', 'count': 61}, {'name': 'Weather', 'count': 60}]","[{'name': 'Crime', 'count': 251}, {'name': 'Canada', 'count': 236}, {'name': 'China', 'count': 234}, {'name': 'Russia-Ukraine War', 'count': 216}, {'name': 'Joe Biden', 'count': 208}, {'name': 'California', 'count': 206}, {'name': 'Social Issues', 'count': 172}, {'name': 'Markets', 'count': 145}, {'name': 'GOP', 'count': 135}, {'name': 'Australia', 'count': 125}]","[{'name': 'us', 'count': 5151}]","[{'name': 'Non-news', 'count': 254}, {'name': 'Opinion', 'count': 32}, {'name': 'Pop Culture', 'count': 14}, {'name': 'Roundup', 'count': 8}, {'name': 'Gallery', 'count': 4}, {'name': 'Fact Check', 'count': 1}]",right,Right,Leans Right,Right,26505837.0,2575.0,{'url': 'https://storage.googleapis.com/dev-dispatch-276213.appspot.com/The_Epoch_Times_Small_aa9f2cd0eb/The_Epoch_Times_Small_aa9f2cd0eb.png'},{'url': 'https://storage.googleapis.com/dev-dispatch-276213.appspot.com/The_Epoch_Times_Fav_Icon_1c256c99b3/The_Epoch_Times_Fav_Icon_1c256c99b3.png'},{'url': 'https://storage.googleapis.com/dev-dispatch-276213.appspot.com/The_Epoch_Times_Square_b18cc352b5/The_Epoch_Times_Square_b18cc352b5.png'}
1e6e2b889c204867ad64eb815424807f,dailywire.com,The Daily Wire,"['conservative', 'dailywire', 'daily wire', 'dw']",American conservative news publisher founded by political commentator Ben Shapiro and director Jeremy Boreing.,1153,False,"[{'name': 'Politics', 'count': 479}, {'name': 'Entertainment', 'count': 243}, {'name': 'General', 'count': 74}, {'name': 'Sports', 'count': 67}, {'name': 'Tech', 'count': 64}, {'name': 'Health', 'count': 52}, {'name': 'Lifestyle', 'count': 36}, {'name': 'Business', 'count': 31}, {'name': 'Finance', 'count': 27}, {'name': 'Science', 'count': 16}]","[{'name': 'Joe Biden', 'count': 131}, {'name': 'Donald Trump', 'count': 72}, {'name': 'Social Issues', 'count': 69}, {'name': 'Crime', 'count': 68}, {'name': 'Coronavirus', 'count': 42}, {'name': 'Russia-Ukraine War', 'count': 41}, {'name': 'Ron DeSantis', 'count': 38}, {'name': 'GOP', 'count': 37}, {'name': 'Media', 'count': 34}, {'name': 'Ohio', 'count': 28}]","[{'name': 'us', 'count': 1233}]","[{'name': 'Non-news', 'count': 170}, {'name': 'Pop Culture', 'count': 41}, {'name': 'Opinion', 'count': 8}, {'name': 'Fact Check', 'count': 2}, {'name': 'Roundup', 'count': 1}]",right,Leans Right,Right,Right,25905421.0,3385.0,{'url': 'https://gawq.s3.us-east-2.amazonaws.com/DW_Large_0b70634a02.png'},{'url': 'https://gawq.s3.us-east-2.amazonaws.com/DW_Fav_Light_c8f6db2066.png'},{'url': 'https://gawq.s3.us-east-2.amazonaws.com/DW_Square_8d873b6665.jpeg'}
538ad27c7e414215a5e13c6c21cfd9ff,newsmax.com,Newsmax,"['newsmax.com', 'news max', 'news max.com', 'conservative', 'gop', 'republican']","Conservative news and opinion website covering politics, the White House, Congress, and Hollywood.",3479,False,"[{'name': 'Politics', 'count': 1340}, {'name': 'World', 'count': 731}, {'name': 'Finance', 'count': 500}, {'name': 'Health', 'count': 249}, {'name': 'Entertainment', 'count': 128}, {'name': 'General', 'count': 81}, {'name': 'Tech', 'count': 76}, {'name': 'Business', 'count': 67}, {'name': 'Sports', 'count': 46}, {'name': 'Lifestyle', 'count': 34}]","[{'name': 'Markets', 'count': 469}, {'name': 'Russia-Ukraine War', 'count': 379}, {'name': 'Joe Biden', 'count': 248}, {'name': 'Ukraine', 'count': 194}, {'name': 'China', 'count': 188}, {'name': 'Donald Trump', 'count': 186}, {'name': 'Russia', 'count': 181}, {'name': 'Social Issues', 'count': 123}, {'name': 'GOP', 'count': 93}, {'name': 'Coronavirus', 'count': 91}]","[{'name': 'us', 'count': 3325}]","[{'name': 'Non-news', 'count': 70}, {'name': 'Opinion', 'count': 46}, {'name': 'Pop Culture', 'count': 19}, {'name': 'Roundup', 'count': 3}, {'name': 'Fact Check', 'count': 1}]",right,Far Right,Leans Right,Right,22981201.0,3900.0,{'url': 'https://storage.googleapis.com/dev-dispatch-276213.appspot.com/Newsmax_Small_7b9180454b/Newsmax-Small_Newsmax_Small_7b9180454b.png'},{'url': 'https://storage.googleapis.com/dev-dispatch-276213.appspot.com/Newsmax_Fav_Icon_f26ba6b608/Newsmax-FavIcon_Newsmax_Fav_Icon_f26ba6b608.png'},{'url': 'https://storage.googleapis.com/dev-dispatch-276213.appspot.com/Newsmax_Square_b52867d56d/Newsmax-Square_Newsmax_Square_b52867d56d.png'}
be97e4aef13d4135ab39e68c1c8f0961,ksl.com,KSL.com,[],,3754,,"[{'name': 'Sports', 'count': 2785}, {'name': 'Politics', 'count': 241}, {'name': 'General', 'count': 117}, {'name': 'Weather', 'count': 109}, {'name': 'Lifestyle', 'count': 95}, {'name': 'Health', 'count': 93}, {'name': 'Entertainment', 'count': 83}, {'name': 'Auto', 'count': 75}, {'name': 'Business', 'count': 72}, {'name': 'Tech', 'count': 53}]","[{'name': 'Basketball', 'count': 309}, {'name': 'Utah', 'count': 280}, {'name': 'Football', 'count': 190}, {'name': 'March Madness', 'count': 153}, {'name': 'NFL', 'count': 135}, {'name': 'Crime', 'count': 129}, {'name': 'Academia', 'count': 121}, {'name': 'NBA', 'count': 117}, {'name': 'College Sports', 'count': 114}, {'name': 'Texas', 'count': 107}]","[{'name': 'us', 'count': 3968}]","[{'name': 'Non-news', 'count': 159}, {'name': 'Opinion', 'count': 13}, {'name': 'Pop Culture', 'count': 7}, {'name': 'Roundup', 'count': 2}]",,,,,21579695.0,2812.0,,{'url': 'https://web-business-assets.s3.us-east-2.amazonaws.com/ksl.com.ico'},
07fd0e62c9b340d68df3b4bd500c5667,fortune.com,Fortune,"['fortune.com', 'fortune mag', 'fortune magazine', 'fortune100', 'fortune 100', 'fortune500', 'fortune 500', 'billionaire', 'billionaires', 'finance']","Business magazine that publishes ranked lists, including the Fortune 500.",1406,True,"[{'name': 'Business', 'count': 301}, {'name': 'Finance', 'count': 285}, {'name': 'Tech', 'count': 274}, {'name': 'Politics', 'count': 220}, {'name': 'Entertainment', 'count': 100}, {'name': 'Health', 'count': 90}, {'name': 'Lifestyle', 'count': 66}, {'name': 'Sports', 'count': 46}, {'name': 'Auto', 'count': 45}, {'name': 'Travel', 'count': 29}]","[{'name': 'Business Leaders', 'count': 167}, {'name': 'Markets', 'count': 117}, {'name': 'Cryptocurrency', 'count': 105}, {'name': 'Silicon Valley', 'count': 65}, {'name': 'Silicon Valley Bank', 'count': 61}, {'name': 'Joe Biden', 'count': 41}, {'name': 'Elon Musk', 'count': 39}, {'name': 'Social Issues', 'count': 37}, {'name': 'Twitter', 'count': 34}, {'name': 'Coronavirus', 'count': 33}]","[{'name': 'us', 'count': 1611}]","[{'name': 'Non-news', 'count': 211}, {'name': 'Opinion', 'count': 25}, {'name': 'Pop Culture', 'count': 20}]",center,Center,Center,Leans Right,19628399.0,4808.0,{'url': 'https://storage.googleapis.com/dev-dispatch-276213.appspot.com/Fortune_Small_f5bc1a82d9/Fortune-Small_Fortune_Small_f5bc1a82d9.png'},{'url': 'https://gawq.s3.us-east-2.amazonaws.com/Fortune_Fav_Icon_Light_30a5391db1.png'},{'url': 'https://gawq.s3.us-east-2.amazonaws.com/Fortune_180_4492d39789.png'}
417f42baa5c94fa49a25a14d8a01e885,westernjournal.com,,[],,797,,"[{'name': 'Politics', 'count': 451}, {'name': 'Entertainment', 'count': 179}, {'name': 'Sports', 'count': 89}, {'name': 'General', 'count': 77}, {'name': 'Lifestyle', 'count': 55}, {'name': 'Health', 'count': 53}, {'name': 'Tech', 'count': 26}, {'name': 'Auto', 'count': 21}, {'name': 'Business', 'count': 19}, {'name': 'Finance', 'count': 17}]","[{'name': 'Joe Biden', 'count': 134}, {'name': 'Donald Trump', 'count': 90}, {'name': 'Crime', 'count': 80}, {'name': 'GOP', 'count': 36}, {'name': 'Social Issues', 'count': 34}, {'name': 'Media', 'count': 26}, {'name': 'Basketball', 'count': 22}, {'name': 'Football', 'count': 22}, {'name': 'Ron DeSantis', 'count': 21}, {'name': 'Business Leaders', 'count': 20}]","[{'name': 'us', 'count': 1130}]","[{'name': 'Non-news', 'count': 34}, {'name': 'Pop Culture', 'count': 28}, {'name': 'Opinion', 'count': 22}, {'name': 'Fact Check', 'count': 7}, {'name': 'Gallery', 'count': 1}, {'name': 'Press Release', 'count': 1}]",,,,,18426555.0,7365.0,,,
a5c5a26ee0e540baac1743e79c1098fb,washingtonexaminer.com,Washington Examiner,[],"news about the white house, congress and the federal government",3248,,"[{'name': 'Politics', 'count': 1934}, {'name': 'Finance', 'count': 299}, {'name': 'General', 'count': 151}, {'name': 'Entertainment', 'count': 136}, {'name': 'Health', 'count': 125}, {'name': 'Business', 'count': 119}, {'name': 'Sports', 'count': 93}, {'name': 'Tech', 'count': 93}, {'name': 'Lifestyle', 'count': 53}, {'name': 'Science', 'count': 50}]","[{'name': 'Joe Biden', 'count': 491}, {'name': 'Donald Trump', 'count': 266}, {'name': 'GOP', 'count': 241}, {'name': 'Russia-Ukraine War', 'count': 228}, {'name': 'Economy', 'count': 227}, {'name': 'Ron DeSantis', 'count': 160}, {'name': 'Social Issues', 'count': 150}, {'name': 'Crime', 'count': 133}, {'name': 'Ukraine', 'count': 131}, {'name': 'China', 'count': 115}]","[{'name': 'us', 'count': 3319}]","[{'name': 'Opinion', 'count': 421}, {'name': 'Non-news', 'count': 200}, {'name': 'Roundup', 'count': 25}, {'name': 'Pop Culture', 'count': 18}, {'name': 'Paid News', 'count': 2}, {'name': 'Fact Check', 'count': 1}, {'name': 'Gallery', 'count': 1}]",,,,,13723098.0,6851.0,,{'url': 'https://web-business-assets.s3.us-east-2.amazonaws.com/washingtonexaminer.com.png'},
54ccf810ed1841f8ae06532e52ce2c3b,theblaze.com,TheBlaze,"['The Blaze', 'TheBlaze.com', 'conservative', 'Glenn Beck', 'GOP', 'republican', 'Blaze']",Multi-platform news and entertainment network founded by conservative radio personality Glenn Beck.,545,False,"[{'name': 'Politics', 'count': 202}, {'name': 'General', 'count': 100}, {'name': 'Entertainment', 'count': 44}, {'name': 'Sports', 'count': 36}, {'name': 'Tech', 'count': 18}, {'name': 'Health', 'count': 17}, {'name': 'Business', 'count': 11}, {'name': 'Environment', 'count': 9}, {'name': 'Auto', 'count': 8}, {'name': 'Finance', 'count': 3}]","[{'name': 'Social Issues', 'count': 106}, {'name': 'Crime', 'count': 104}, {'name': 'Joe Biden', 'count': 63}, {'name': 'Donald Trump', 'count': 37}, {'name': 'LGBTQ', 'count': 34}, {'name': 'Coronavirus', 'count': 33}, {'name': 'Academia', 'count': 32}, {'name': 'Florida', 'count': 29}, {'name': 'GOP', 'count': 25}, {'name': 'Racial Injustice', 'count': 25}]","[{'name': 'us', 'count': 895}]","[{'name': 'Opinion', 'count': 27}, {'name': 'Non-news', 'count': 26}, {'name': 'Pop Culture', 'count': 5}, {'name': 'Fact Check', 'count': 2}, {'name': 'Press Release', 'count': 2}]",right,Right,Right,Right,11217137.0,7838.0,{'url': 'https://storage.googleapis.com/dev-dispatch-276213.appspot.com/The_Blaze_Small_5e291ae6d7/The-Blaze-Small_The_Blaze_Small_5e291ae6d7.png'},{'url': 'https://storage.googleapis.com/dev-dispatch-276213.appspot.com/The_Blaze_Fav_Icon_e66c48f87e/The-Blaze-FavIcon_The_Blaze_Fav_Icon_e66c48f87e.png'},{'url': 'https://storage.googleapis.com/dev-dispatch-276213.appspot.com/The_Blaze_Square_8e6204726d/The-Blaze-Square_The_Blaze_Square_8e6204726d.png'}
3a0e2e49ab454e7db0d125ccdef3e222,redstate.com,RedState,[],conservative blog & conservative news source for right of center activists 02/21/2022 7:09:31 a est,834,,"[{'name': 'Politics', 'count': 332}, {'name': 'General', 'count': 34}, {'name': 'Sports', 'count': 20}, {'name': 'Entertainment', 'count': 16}, {'name': 'Tech', 'count': 16}, {'name': 'Health', 'count': 10}, {'name': 'Weather', 'count': 8}, {'name': 'Travel', 'count': 6}, {'name': 'Business', 'count': 4}, {'name': 'Environment', 'count': 4}]","[{'name': 'Joe Biden', 'count': 126}, {'name': 'Donald Trump', 'count': 75}, {'name': 'Social Issues', 'count': 58}, {'name': 'Ron DeSantis', 'count': 50}, {'name': 'GOP', 'count': 39}, {'name': 'Media', 'count': 37}, {'name': 'Crime', 'count': 34}, {'name': 'California', 'count': 30}, {'name': 'Russia-Ukraine War', 'count': 27}, {'name': 'China', 'count': 21}]","[{'name': 'us', 'count': 829}]","[{'name': 'Non-news', 'count': 50}, {'name': 'Opinion', 'count': 8}, {'name': 'Pop Culture', 'count': 3}, {'name': 'Fact Check', 'count': 1}]",,,,,10488692.0,11616.0,,{'url': 'https://web-business-assets.s3.us-east-2.amazonaws.com/redstate.com.png'},
063d8d8a18154b44afcc496fa18e9e2b,townhall.com,Townhall,"['town hall', 'conservative']","Politically conservative news service offering conservative news, election analysis and commentary on politics and the media.",725,False,"[{'name': 'Politics', 'count': 413}, {'name': 'Lifestyle', 'count': 50}, {'name': 'Entertainment', 'count': 31}, {'name': 'Health', 'count': 29}, {'name': 'Tech', 'count': 26}, {'name': 'General', 'count': 24}, {'name': 'Finance', 'count': 21}, {'name': 'Science', 'count': 16}, {'name': 'Business', 'count': 15}, {'name': 'Travel', 'count': 11}]","[{'name': 'Joe Biden', 'count': 122}, {'name': 'Donald Trump', 'count': 56}, {'name': 'Social Issues', 'count': 48}, {'name': 'Ron DeSantis', 'count': 35}, {'name': 'Russia-Ukraine War', 'count': 34}, {'name': 'GOP', 'count': 32}, {'name': 'Coronavirus', 'count': 27}, {'name': 'Ukraine', 'count': 24}, {'name': 'Crime', 'count': 18}, {'name': 'LGBTQ', 'count': 18}]","[{'name': 'us', 'count': 759}]","[{'name': 'Opinion', 'count': 325}, {'name': 'Non-news', 'count': 73}, {'name': 'Fact Check', 'count': 4}, {'name': 'Pop Culture', 'count': 4}]",right,Right,Right,Right,10441742.0,8634.0,{'url': 'https://gawq.s3.us-east-2.amazonaws.com/Townhall_Large_2d9ff712fd.png'},{'url': 'https://gawq.s3.us-east-2.amazonaws.com/Townhall_Fav_Icon_e68294f153.png'},{'url': 'https://gawq.s3.us-east-2.amazonaws.com/Townhall180_8effc7f741.png'}
d37ca0ad588644d28a14b5faf3f245de,investors.com,Investor's Business Daily,"['investors business daily', 'ibd', 'investors.com', 'Finance', 'Stocks', 'Stock', 'Markets', 'IPO', 'Trading', 'Wall Street', 'Wall St', 'Nasdaq', 'Dow', 'NYSE', 'Stock Market', 'Stock Markets']","Covers the stock market, finance, and economics.",152,True,"[{'name': 'Finance', 'count': 118}, {'name': 'Auto', 'count': 10}, {'name': 'Tech', 'count': 10}, {'name': 'Business', 'count': 3}, {'name': 'Health', 'count': 3}, {'name': 'Politics', 'count': 1}, {'name': 'Travel', 'count': 1}]","[{'name': 'Markets', 'count': 118}, {'name': 'Business Leaders', 'count': 7}, {'name': 'Tesla', 'count': 7}, {'name': 'Dow Jones', 'count': 6}, {'name': 'AI', 'count': 5}, {'name': 'Warren Buffett', 'count': 5}, {'name': 'China', 'count': 4}, {'name': 'Nvidia', 'count': 3}, {'name': 'DraftKings', 'count': 2}, {'name': 'Economy', 'count': 2}]","[{'name': 'us', 'count': 118}]","[{'name': 'Non-news', 'count': 46}, {'name': 'Roundup', 'count': 22}, {'name': 'Opinion', 'count': 14}]",unrated,,,,9750341.0,8840.0,{'url': 'https://storage.googleapis.com/dev-dispatch-276213.appspot.com/Investors_Small_b99bcb77b0/Investors-Small_Investors_Small_b99bcb77b0.png'},{'url': 'https://storage.googleapis.com/dev-dispatch-276213.appspot.com/Investors_Fav_Icon_3a22394a9f/Investors-FavIcon_Investors_Fav_Icon_3a22394a9f.png'},{'url': 'https://storage.googleapis.com/dev-dispatch-276213.appspot.com/Investors_Square_589b41a31a/Investors-Square_Investors_Square_589b41a31a.png'}
1c5b0981ec804e1ea085e4bc189bef08,nationalreview.com,National Review,[],"leading conservative magazine and website covering news, politics, current events, and culture with detailed analysis and commentary.",942,,"[{'name': 'Politics', 'count': 397}, {'name': 'Entertainment', 'count': 65}, {'name': 'Lifestyle', 'count': 61}, {'name': 'Tech', 'count': 36}, {'name': 'Health', 'count': 30}, {'name': 'Finance', 'count': 27}, {'name': 'Business', 'count': 24}, {'name': 'Sports', 'count': 22}, {'name': 'General', 'count': 14}, {'name': 'Science', 'count': 13}]","[{'name': 'Joe Biden', 'count': 90}, {'name': 'Donald Trump', 'count': 62}, {'name': 'Russia-Ukraine War', 'count': 62}, {'name': 'Ron DeSantis', 'count': 57}, {'name': 'Social Issues', 'count': 45}, {'name': 'Ukraine', 'count': 36}, {'name': 'GOP', 'count': 30}, {'name': 'Academia', 'count': 27}, {'name': 'Russia', 'count': 25}, {'name': 'China', 'count': 21}]","[{'name': 'us', 'count': 1014}]","[{'name': 'Non-news', 'count': 90}, {'name': 'Opinion', 'count': 27}, {'name': 'Press Release', 'count': 1}]",,,,,8639650.0,10469.0,,{'url': 'https://web-business-assets.s3.us-east-2.amazonaws.com/nationalreview.com.png'},
339ba12ae8524fafb561fc853f9e03e8,dailycaller.com,The Daily Caller,"['tucker carlson', 'neil patel', 'the daily caller', 'republican']","Publication providing original reporting, commentary and news. Founded by Fox News host Tucker Carlson and political pundit Neil Patel.",1862,False,"[{'name': 'Politics', 'count': 961}, {'name': 'Entertainment', 'count': 236}, {'name': 'Sports', 'count': 161}, {'name': 'General', 'count': 125}, {'name': 'Health', 'count': 91}, {'name': 'Tech', 'count': 80}, {'name': 'Finance', 'count': 53}, {'name': 'Lifestyle', 'count': 53}, {'name': 'Science', 'count': 49}, {'name': 'Business', 'count': 34}]","[{'name': 'Joe Biden', 'count': 273}, {'name': 'Social Issues', 'count': 136}, {'name': 'Crime', 'count': 117}, {'name': 'Donald Trump', 'count': 116}, {'name': 'GOP', 'count': 106}, {'name': 'Ron DeSantis', 'count': 79}, {'name': 'Russia-Ukraine War', 'count': 72}, {'name': 'Academia', 'count': 60}, {'name': 'Basketball', 'count': 58}, {'name': 'Media', 'count': 54}]","[{'name': 'us', 'count': 2125}]","[{'name': 'Non-news', 'count': 90}, {'name': 'Pop Culture', 'count': 24}, {'name': 'Opinion', 'count': 16}, {'name': 'Press Release', 'count': 2}, {'name': 'Fact Check', 'count': 1}]",,Right,Right,Right,7329753.0,11642.0,,{'url': 'https://gawq.s3.us-east-2.amazonaws.com/TDC_Fav_897d92833e.ico'},{'url': 'https://gawq.s3.us-east-2.amazonaws.com/TDC_Square_5a524aa63d.png'}
1417e789ea8a4e50a37a0110f9a4febc,babylonbee.com,The Babylon Bee,[],,82,,"[{'name': 'Politics', 'count': 25}, {'name': 'Tech', 'count': 6}, {'name': 'General', 'count': 5}, {'name': 'Entertainment', 'count': 4}, {'name': 'Sports', 'count': 3}, {'name': 'Travel', 'count': 3}, {'name': 'Business', 'count': 2}, {'name': 'Environment', 'count': 1}, {'name': 'Finance', 'count': 1}, {'name': 'Science', 'count': 1}]","[{'name': 'Joe Biden', 'count': 8}, {'name': 'Russia-Ukraine War', 'count': 8}, {'name': 'Donald Trump', 'count': 6}, {'name': 'Crime', 'count': 5}, {'name': 'Media', 'count': 5}, {'name': 'Ukraine', 'count': 5}, {'name': 'Christianity', 'count': 4}, {'name': 'Silicon Valley', 'count': 4}, {'name': 'China', 'count': 3}, {'name': 'Coronavirus', 'count': 3}]","[{'name': 'us', 'count': 124}]","[{'name': 'Non-news', 'count': 5}]",,,,,7042548.0,12352.0,,{'url': 'https://web-business-assets.s3.us-east-2.amazonaws.com/babylonbee.com.png'},
ac53f55c44d04f0e886d48b93e88fe6b,deseret.com,Deseret News,[],"in-depth news, analysis and opinion covering utah and the nation. explore utah sports coverage from the utah jazz, byu cougars, utah utes, and high school athletics.",1185,,"[{'name': 'Sports', 'count': 286}, {'name': 'Politics', 'count': 128}, {'name': 'Entertainment', 'count': 90}, {'name': 'General', 'count': 35}, {'name': 'Tech', 'count': 22}, {'name': 'Weather', 'count': 16}, {'name': 'Health', 'count': 15}, {'name': 'Travel', 'count': 12}, {'name': 'Environment', 'count': 5}, {'name': 'Science', 'count': 5}]","[{'name': 'Utah', 'count': 267}, {'name': 'Basketball', 'count': 174}, {'name': 'College Sports', 'count': 48}, {'name': 'Football', 'count': 41}, {'name': 'Crime', 'count': 35}, {'name': 'Academia', 'count': 33}, {'name': 'NBA', 'count': 30}, {'name': 'Russia-Ukraine War', 'count': 29}, {'name': 'Joe Biden', 'count': 28}, {'name': 'Social Issues', 'count': 27}]","[{'name': 'us', 'count': 1204}]","[{'name': 'Non-news', 'count': 281}, {'name': 'Opinion', 'count': 90}, {'name': 'Pop Culture', 'count': 26}, {'name': 'Roundup', 'count': 1}]",,,,,6595244.0,13170.0,,{'url': 'https://web-business-assets.s3.us-east-2.amazonaws.com/deseret.com.ico'},
09eb6bcdae754e209b203b955efd0072,pjmedia.com,PJ Media,[],,628,,"[{'name': 'Politics', 'count': 192}, {'name': 'Lifestyle', 'count': 90}, {'name': 'Entertainment', 'count': 15}, {'name': 'General', 'count': 15}, {'name': 'Tech', 'count': 13}, {'name': 'Health', 'count': 11}, {'name': 'Environment', 'count': 9}, {'name': 'Sports', 'count': 3}, {'name': 'Finance', 'count': 2}, {'name': 'Auto', 'count': 1}]","[{'name': 'Joe Biden', 'count': 77}, {'name': 'Donald Trump', 'count': 59}, {'name': 'Social Issues', 'count': 39}, {'name': 'Coronavirus', 'count': 24}, {'name': 'Russia-Ukraine War', 'count': 24}, {'name': 'GOP', 'count': 18}, {'name': 'Ron DeSantis', 'count': 17}, {'name': 'Crime', 'count': 15}, {'name': 'California', 'count': 14}, {'name': 'Media', 'count': 13}]","[{'name': 'us', 'count': 653}]","[{'name': 'Non-news', 'count': 82}, {'name': 'Opinion', 'count': 10}, {'name': 'Pop Culture', 'count': 3}, {'name': 'Roundup', 'count': 2}, {'name': 'Fact Check', 'count': 1}]",,,,,4959934.0,20067.0,,{'url': 'https://web-business-assets.s3.us-east-2.amazonaws.com/pjmedia.com.ico'},
3a97140bd619451b80f02441c97af897,twitchy.com,,[],,377,,"[{'name': 'Politics', 'count': 174}, {'name': 'Entertainment', 'count': 15}, {'name': 'General', 'count': 8}, {'name': 'Health', 'count': 4}, {'name': 'Environment', 'count': 3}, {'name': 'Travel', 'count': 3}, {'name': 'Science', 'count': 1}, {'name': 'Sports', 'count': 1}, {'name': 'Tech', 'count': 1}, {'name': 'Weather', 'count': 1}]","[{'name': 'Joe Biden', 'count': 62}, {'name': 'Ron DeSantis', 'count': 45}, {'name': 'Donald Trump', 'count': 37}, {'name': 'Media', 'count': 29}, {'name': 'Tucker Carlson', 'count': 22}, {'name': 'Twitter', 'count': 22}, {'name': 'Russia-Ukraine War', 'count': 21}, {'name': 'Social Issues', 'count': 19}, {'name': 'Coronavirus', 'count': 17}, {'name': 'Tweets', 'count': 15}]","[{'name': 'us', 'count': 399}]","[{'name': 'Non-news', 'count': 29}, {'name': 'Fact Check', 'count': 4}, {'name': 'Opinion', 'count': 4}, {'name': 'Pop Culture', 'count': 4}]",,,,,4862830.0,21399.0,,,
a99bd556a878466ab9d3eb13b6f4e2f8,hotair.com,Hot Air,[],"hotair is the leading conservative blog for breaking news and commentary covering the biden administration, politics, media, culture, and current elections. 02/18/2022 4:01:58 a est",1381,,"[{'name': 'Politics', 'count': 287}, {'name': 'General', 'count': 41}, {'name': 'Entertainment', 'count': 23}, {'name': 'Health', 'count': 15}, {'name': 'Business', 'count': 13}, {'name': 'Sports', 'count': 10}, {'name': 'Auto', 'count': 6}, {'name': 'Finance', 'count': 6}, {'name': 'Tech', 'count': 6}, {'name': 'Travel', 'count': 4}]","[{'name': 'Joe Biden', 'count': 118}, {'name': 'Donald Trump', 'count': 56}, {'name': 'Russia-Ukraine War', 'count': 54}, {'name': 'Social Issues', 'count': 52}, {'name': 'Ron DeSantis', 'count': 44}, {'name': 'Crime', 'count': 42}, {'name': 'Academia', 'count': 36}, {'name': 'California', 'count': 35}, {'name': 'Coronavirus', 'count': 35}, {'name': 'Russia', 'count': 27}]","[{'name': 'us', 'count': 1372}]","[{'name': 'Non-news', 'count': 178}, {'name': 'Opinion', 'count': 20}, {'name': 'Pop Culture', 'count': 9}, {'name': 'Fact Check', 'count': 2}]",,,,,4513064.0,27738.0,,{'url': 'https://web-business-assets.s3.us-east-2.amazonaws.com/hotair.com.png'},
3faf55e0d7334e1c95a13f2ac979f7cd,reason.com,Reason Magazine,['reason.com'],"Libertarian magazine and video website covering news, politics, culture, and more with reporting and analysis.",390,False,"[{'name': 'Politics', 'count': 92}, {'name': 'General', 'count': 11}, {'name': 'Health', 'count': 11}, {'name': 'Tech', 'count': 8}, {'name': 'Auto', 'count': 3}, {'name': 'Entertainment', 'count': 3}, {'name': 'Finance', 'count': 2}, {'name': 'Sports', 'count': 2}, {'name': 'Travel', 'count': 2}, {'name': 'Business', 'count': 1}]","[{'name': 'Social Issues', 'count': 20}, {'name': 'Supreme Court', 'count': 19}, {'name': 'Joe Biden', 'count': 18}, {'name': 'Academia', 'count': 17}, {'name': 'Russia-Ukraine War', 'count': 12}, {'name': 'Coronavirus', 'count': 11}, {'name': 'Crime', 'count': 11}, {'name': 'Media', 'count': 11}, {'name': 'New York', 'count': 10}, {'name': 'Lawsuits', 'count': 9}]","[{'name': 'us', 'count': 441}]","[{'name': 'Non-news', 'count': 60}, {'name': 'Opinion', 'count': 7}, {'name': 'Roundup', 'count': 6}, {'name': 'Pop Culture', 'count': 1}]",leansRight,Leans Right,Leans Right,Leans Right,4172574.0,19652.0,{'url': 'https://gawq.s3.us-east-2.amazonaws.com/reason_wide_b52e0daba2.png'},{'url': 'https://gawq.s3.us-east-2.amazonaws.com/reason_fav_558877fe3b.png'},{'url': 'https://gawq.s3.us-east-2.amazonaws.com/reason_square_fcbf11af0b.png'}
74e69378aeb34620827e56d5eb18c20e,thefederalist.com,The Federalist,"['conservative', 'republican']","Conservative online media source and podcast that covers politics, policy, culture, and religion.",265,False,"[{'name': 'Politics', 'count': 147}, {'name': 'Entertainment', 'count': 22}, {'name': 'Lifestyle', 'count': 22}, {'name': 'Health', 'count': 8}, {'name': 'Tech', 'count': 8}, {'name': 'Finance', 'count': 7}, {'name': 'Sports', 'count': 6}, {'name': 'Science', 'count': 4}, {'name': 'Business', 'count': 3}, {'name': 'Environment', 'count': 3}]","[{'name': 'Joe Biden', 'count': 28}, {'name': 'GOP', 'count': 18}, {'name': 'Social Issues', 'count': 18}, {'name': 'Lawsuits', 'count': 9}, {'name': 'Media', 'count': 9}, {'name': 'Russia-Ukraine War', 'count': 9}, {'name': 'Ukraine', 'count': 8}, {'name': 'Voting', 'count': 7}, {'name': 'Abortion', 'count': 6}, {'name': 'Academia', 'count': 6}]","[{'name': 'us', 'count': 290}]","[{'name': 'Non-news', 'count': 31}, {'name': 'Opinion', 'count': 15}, {'name': 'Pop Culture', 'count': 3}, {'name': 'Fact Check', 'count': 1}]",right,Right,Right,Right,4089480.0,23528.0,{'url': 'https://gawq.s3.us-east-2.amazonaws.com/The_Federalist_Large_93969ed46e.png'},{'url': 'https://gawq.s3.us-east-2.amazonaws.com/The_Federalist_Fav_Light_2c1a6a47bb.png'},{'url': 'https://gawq.s3.us-east-2.amazonaws.com/The_Federalist_Square_5d07cf3851.png'}
8a2f1e85159d48658d7c0eeaeb323504,oann.com,OAN,"['one america', 'one america news', 'one america news network', 'oann.com', 'conservative', 'gop', 'republican', 'oneamerica', 'oneamerica news', 'oan news']","One America News Network delivers national and international news, including breaking political, business and entertainment headlines.",1186,False,"[{'name': 'Business', 'count': 353}, {'name': 'Politics', 'count': 225}, {'name': 'Sports', 'count': 195}, {'name': 'Tech', 'count': 179}, {'name': 'Entertainment', 'count': 90}, {'name': 'Finance', 'count': 88}, {'name': 'Auto', 'count': 40}, {'name': 'General', 'count': 33}, {'name': 'Health', 'count': 12}, {'name': 'Science', 'count': 12}]","[{'name': 'Joe Biden', 'count': 83}, {'name': 'Russia-Ukraine War', 'count': 67}, {'name': 'Markets', 'count': 62}, {'name': 'China', 'count': 59}, {'name': 'Business Leaders', 'count': 40}, {'name': 'Donald Trump', 'count': 36}, {'name': 'Lawsuits', 'count': 34}, {'name': 'Russia', 'count': 32}, {'name': 'Coronavirus', 'count': 31}, {'name': 'Basketball', 'count': 30}]","[{'name': 'us', 'count': 1358}]","[{'name': 'Non-news', 'count': 105}, {'name': 'Roundup', 'count': 74}, {'name': 'Pop Culture', 'count': 6}, {'name': 'Opinion', 'count': 5}]",right,Far Right,Leans Right,Far Right,4026628.0,26806.0,{'url': 'https://storage.googleapis.com/dev-dispatch-276213.appspot.com/OAN_Small_edabe65a26/OAN-Small_OAN_Small_edabe65a26.png'},{'url': 'https://storage.googleapis.com/dev-dispatch-276213.appspot.com/OAN_Fav_Icon_768aa73ee9/OAN-FavIcon_OAN_Fav_Icon_768aa73ee9.png'},{'url': 'https://gawq.s3.us-east-2.amazonaws.com/OAN_Square_d6115289f5.png'}
ed031cd701754f4d899eaf45a46b2648,thepostmillennial.com,The Post Millennial,"['pm', 'canada', 'conservative', 'canadian']",Conservative Canadian publication covering national and local news.,456,False,"[{'name': 'Politics', 'count': 159}, {'name': 'General', 'count': 49}, {'name': 'Entertainment', 'count': 19}, {'name': 'Tech', 'count': 17}, {'name': 'Health', 'count': 7}, {'name': 'Sports', 'count': 6}, {'name': 'Business', 'count': 5}, {'name': 'Environment', 'count': 3}, {'name': 'Finance', 'count': 3}, {'name': 'Travel', 'count': 3}]","[{'name': 'Joe Biden', 'count': 54}, {'name': 'Crime', 'count': 44}, {'name': 'Social Issues', 'count': 41}, {'name': 'Donald Trump', 'count': 40}, {'name': 'Media', 'count': 23}, {'name': 'California', 'count': 16}, {'name': 'LGBTQ', 'count': 16}, {'name': 'Antifa', 'count': 15}, {'name': 'Russia-Ukraine War', 'count': 15}, {'name': 'Lawsuits', 'count': 14}]","[{'name': 'us', 'count': 452}]","[{'name': 'Non-news', 'count': 8}, {'name': 'Pop Culture', 'count': 5}, {'name': 'Opinion', 'count': 1}]",right,Leans Right,Right,Right,3957137.0,26098.0,{'url': 'https://gawq.s3.us-east-2.amazonaws.com/PM_Large_351fd04b1a.png'},{'url': 'https://gawq.s3.us-east-2.amazonaws.com/PM_Fav_c8737486a0.png'},{'url': 'https://gawq.s3.us-east-2.amazonaws.com/PM_Square_Logo_53147a8ad6.png'}
bc1620c3627048f6b25909766775b95b,ocregister.com,OCRegister,[],"ocregister.com covers local news in orange county, ca, california and national news, sports, things to do and the best places to eat, business and the orange county housing market.",1512,,"[{'name': 'Sports', 'count': 361}, {'name': 'Politics', 'count': 117}, {'name': 'General', 'count': 48}, {'name': 'Travel', 'count': 43}, {'name': 'Entertainment', 'count': 32}, {'name': 'Weather', 'count': 20}, {'name': 'Finance', 'count': 15}, {'name': 'Tech', 'count': 13}, {'name': 'Health', 'count': 11}, {'name': 'Auto', 'count': 7}]","[{'name': 'California', 'count': 229}, {'name': 'Basketball', 'count': 138}, {'name': 'Baseball', 'count': 108}, {'name': 'Academia', 'count': 78}, {'name': 'NBA', 'count': 68}, {'name': 'Sports Figures', 'count': 60}, {'name': 'Crime', 'count': 59}, {'name': 'MLB', 'count': 58}, {'name': 'Los Angeles Dodgers', 'count': 55}, {'name': 'Disney', 'count': 45}]","[{'name': 'us', 'count': 1595}]","[{'name': 'Non-news', 'count': 171}, {'name': 'Opinion', 'count': 12}, {'name': 'Pop Culture', 'count': 4}, {'name': 'Roundup', 'count': 1}]",,,,,3554553.0,22564.0,,{'url': 'https://web-business-assets.s3.us-east-2.amazonaws.com/ocregister.com.jpg'},
6706e298edc54001805935b167376203,americanthinker.com,American Thinker,[],,574,,"[{'name': 'Politics', 'count': 176}, {'name': 'General', 'count': 12}, {'name': 'Tech', 'count': 9}, {'name': 'Health', 'count': 5}, {'name': 'Business', 'count': 4}, {'name': 'Environment', 'count': 4}, {'name': 'Entertainment', 'count': 3}, {'name': 'Finance', 'count': 2}, {'name': 'Travel', 'count': 2}, {'name': 'Science', 'count': 1}]","[{'name': 'Joe Biden', 'count': 54}, {'name': 'Donald Trump', 'count': 34}, {'name': 'Russia-Ukraine War', 'count': 26}, {'name': 'Media', 'count': 25}, {'name': 'Social Issues', 'count': 17}, {'name': 'Ukraine', 'count': 17}, {'name': 'DNC', 'count': 15}, {'name': 'GOP', 'count': 15}, {'name': 'Tucker Carlson', 'count': 15}, {'name': 'Coronavirus', 'count': 14}]","[{'name': 'us', 'count': 585}]","[{'name': 'Non-news', 'count': 89}, {'name': 'Opinion', 'count': 2}, {'name': 'Fact Check', 'count': 1}]",,,,,3300505.0,24933.0,,,
f9507e07de264772a6753724a9dba9ed,washingtontimes.com,Washington Times,[],the washington times delivers breaking news and commentary on the issues that affect the future of our nation.,2369,,"[{'name': 'Politics', 'count': 669}, {'name': 'Sports', 'count': 237}, {'name': 'General', 'count': 84}, {'name': 'Entertainment', 'count': 44}, {'name': 'Health', 'count': 44}, {'name': 'Tech', 'count': 42}, {'name': 'Business', 'count': 31}, {'name': 'Travel', 'count': 22}, {'name': 'Finance', 'count': 16}, {'name': 'Auto', 'count': 14}]","[{'name': 'Joe Biden', 'count': 240}, {'name': 'Russia-Ukraine War', 'count': 175}, {'name': 'GOP', 'count': 113}, {'name': 'China', 'count': 98}, {'name': 'Ukraine', 'count': 98}, {'name': 'Social Issues', 'count': 97}, {'name': 'Donald Trump', 'count': 96}, {'name': 'Crime', 'count': 84}, {'name': 'Russia', 'count': 79}, {'name': 'Basketball', 'count': 73}]","[{'name': 'us', 'count': 2419}]","[{'name': 'Opinion', 'count': 292}, {'name': 'Non-news', 'count': 83}, {'name': 'Pop Culture', 'count': 7}, {'name': 'Paid News', 'count': 2}, {'name': 'Roundup', 'count': 2}]",,,,,3240916.0,18099.0,,,
00803c629f364bd4b9afe12949ddb6d5,wnd.com,,[],,1132,,"[{'name': 'Politics', 'count': 291}, {'name': 'General', 'count': 33}, {'name': 'Finance', 'count': 22}, {'name': 'Health', 'count': 22}, {'name': 'Entertainment', 'count': 20}, {'name': 'Sports', 'count': 18}, {'name': 'Business', 'count': 13}, {'name': 'Tech', 'count': 9}, {'name': 'Auto', 'count': 7}, {'name': 'Environment', 'count': 6}]","[{'name': 'Joe Biden', 'count': 117}, {'name': 'Social Issues', 'count': 69}, {'name': 'Donald Trump', 'count': 57}, {'name': 'Academia', 'count': 39}, {'name': 'Coronavirus', 'count': 39}, {'name': 'GOP', 'count': 32}, {'name': 'Russia-Ukraine War', 'count': 28}, {'name': 'Crime', 'count': 26}, {'name': 'Markets', 'count': 25}, {'name': 'Abortion', 'count': 23}]","[{'name': 'us', 'count': 1157}]","[{'name': 'Non-news', 'count': 82}, {'name': 'Opinion', 'count': 9}, {'name': 'Pop Culture', 'count': 5}]",,,,,2736282.0,31291.0,,,
29105cd9493d4ce68f2bd1a4b9676cd2,christianitytoday.com,ChristianityToday.com,[],,84,,"[{'name': 'Weather', 'count': 3}, {'name': 'Politics', 'count': 2}, {'name': 'Entertainment', 'count': 1}, {'name': 'Sports', 'count': 1}]","[{'name': 'Christianity', 'count': 5}, {'name': 'Earthquakes', 'count': 3}, {'name': 'Racial Injustice', 'count': 3}, {'name': 'Social Issues', 'count': 3}, {'name': 'India', 'count': 2}, {'name': 'Lawsuits', 'count': 2}, {'name': 'Russia-Ukraine War', 'count': 2}, {'name': 'Academia', 'count': 1}, {'name': 'Basketball', 'count': 1}, {'name': 'Brazil', 'count': 1}]","[{'name': 'us', 'count': 95}]","[{'name': 'Non-news', 'count': 12}, {'name': 'Opinion', 'count': 1}]",,,,,2612168.0,30914.0,,,
2551496855e344e49e886d6d82a6759d,theamericanconservative.com,American Conservative,"['Republican', 'GOP', 'theamericanconservative.com', 'theamericanconservative', 'americanconservative', 'the american conservative']","A print magazine and daily site for political analysis based in Washington, DC. ",171,False,"[{'name': 'Politics', 'count': 13}, {'name': 'Health', 'count': 2}, {'name': 'General', 'count': 1}, {'name': 'Tech', 'count': 1}, {'name': 'Travel', 'count': 1}]","[{'name': 'Russia-Ukraine War', 'count': 7}, {'name': 'Ukraine', 'count': 6}, {'name': 'Iraq', 'count': 5}, {'name': 'China', 'count': 3}, {'name': 'Media', 'count': 3}, {'name': 'Christianity', 'count': 2}, {'name': 'Donald Trump', 'count': 2}, {'name': 'Ron DeSantis', 'count': 2}, {'name': 'Social Issues', 'count': 2}, {'name': 'Tucker Carlson', 'count': 2}]","[{'name': 'us', 'count': 179}]","[{'name': 'Non-news', 'count': 12}, {'name': 'Opinion', 'count': 5}]",unrated,,,,2411902.0,35751.0,{'url': 'https://storage.googleapis.com/dev-dispatch-276213.appspot.com/The_American_Conservative_Reg_1b2144a2e4/The-American-Conservative-Reg_The_American_Conservative_Reg_1b2144a2e4.png'},{'url': 'https://storage.googleapis.com/dev-dispatch-276213.appspot.com/The_American_Conservative_Fav_Icon_d7b4a6e45f/The-American-Conservative-FavIcon_The_American_Conservative_Fav_Icon_d7b4a6e45f.png'},{'url': 'https://storage.googleapis.com/dev-dispatch-276213.appspot.com/The_American_Conservative_Square_ae0ff5c5e9/The-American-Conservative-Square_The_American_Conservative_Square_ae0ff5c5e9.png'}
6fb5f60945d4452ca684b84a0d9acd20,christianpost.com,The Christian Post,[],,389,,"[{'name': 'Politics', 'count': 33}, {'name': 'Entertainment', 'count': 20}, {'name': 'General', 'count': 16}, {'name': 'Health', 'count': 8}, {'name': 'Sports', 'count': 8}, {'name': 'Weather', 'count': 5}, {'name': 'Business', 'count': 2}, {'name': 'Tech', 'count': 2}, {'name': 'Finance', 'count': 1}, {'name': 'Lifestyle', 'count': 1}]","[{'name': 'Christianity', 'count': 50}, {'name': 'Social Issues', 'count': 38}, {'name': 'Crime', 'count': 19}, {'name': 'Academia', 'count': 18}, {'name': 'Lawsuits', 'count': 18}, {'name': 'Abortion', 'count': 16}, {'name': 'LGBTQ', 'count': 11}, {'name': 'Texas', 'count': 10}, {'name': 'Supreme Court', 'count': 8}, {'name': 'Russia-Ukraine War', 'count': 7}]","[{'name': 'us', 'count': 389}]","[{'name': 'Non-news', 'count': 47}, {'name': 'Opinion', 'count': 9}, {'name': 'Pop Culture', 'count': 3}]",,,,,2257533.0,32107.0,,{'url': 'https://web-business-assets.s3.us-east-2.amazonaws.com/christianpost.com.ico'},
9551caa5442149e2b17ad99d96080d83,amgreatness.com,American Greatness,"['amgreatness', 'conservative', 'conservatism', 'Chris Buskirk']",News and opinion website aiming to be the leading voice of the next generation of American Conservatism.,230,False,"[{'name': 'Politics', 'count': 67}, {'name': 'Tech', 'count': 4}, {'name': 'Entertainment', 'count': 2}, {'name': 'Finance', 'count': 2}, {'name': 'General', 'count': 2}, {'name': 'Health', 'count': 2}, {'name': 'Sports', 'count': 1}, {'name': 'Travel', 'count': 1}]","[{'name': 'Joe Biden', 'count': 35}, {'name': 'Donald Trump', 'count': 13}, {'name': 'Social Issues', 'count': 11}, {'name': 'Russia-Ukraine War', 'count': 10}, {'name': 'GOP', 'count': 9}, {'name': 'Ukraine', 'count': 7}, {'name': 'Academia', 'count': 6}, {'name': 'Lawsuits', 'count': 6}, {'name': 'Florida', 'count': 5}, {'name': 'California', 'count': 4}]","[{'name': 'us', 'count': 231}]","[{'name': 'Non-news', 'count': 39}, {'name': 'Opinion', 'count': 4}, {'name': 'Pop Culture', 'count': 1}]",,Far Right,Right,Right,2240087.0,41710.0,,{'url': 'https://gawq.s3.us-east-2.amazonaws.com/AG_Fav_Icon_87e8a5ceb9.png'},{'url': 'https://gawq.s3.us-east-2.amazonaws.com/AG_Square_2946f12dec.png'}
52ce13dede5d48c5870bf7560a6894a0,thebulwark.com,The Bulwark,[],,105,,"[{'name': 'Politics', 'count': 28}, {'name': 'Entertainment', 'count': 3}, {'name': 'Tech', 'count': 2}, {'name': 'Business', 'count': 1}, {'name': 'Sports', 'count': 1}, {'name': 'Weather', 'count': 1}]","[{'name': 'Russia-Ukraine War', 'count': 14}, {'name': 'Donald Trump', 'count': 10}, {'name': 'Ukraine', 'count': 9}, {'name': 'GOP', 'count': 8}, {'name': 'Ron DeSantis', 'count': 5}, {'name': 'Supreme Court', 'count': 3}, {'name': 'AI', 'count': 2}, {'name': 'Jim Jordan', 'count': 2}, {'name': 'Joe Biden', 'count': 2}, {'name': 'Podcasts', 'count': 2}]","[{'name': 'us', 'count': 120}]","[{'name': 'Non-news', 'count': 28}, {'name': 'Opinion', 'count': 4}]",,,,,1988847.0,39731.0,,{'url': 'https://web-business-assets.s3.us-east-2.amazonaws.com/thebulwark.com.png'},
d51d98ac79b344478bc079c9e2083db7,bostonherald.com,Boston Herald,[],"the boston herald is the leading source of breaking news, local news, sports, politics, entertainment, opinion and weather in boston, massachusetts.",1493,,"[{'name': 'Sports', 'count': 279}, {'name': 'Politics', 'count': 134}, {'name': 'General', 'count': 57}, {'name': 'Finance', 'count': 45}, {'name': 'Entertainment', 'count': 29}, {'name': 'Weather', 'count': 22}, {'name': 'Health', 'count': 19}, {'name': 'Tech', 'count': 14}, {'name': 'Travel', 'count': 11}, {'name': 'Auto', 'count': 10}]","[{'name': 'Massachusetts', 'count': 151}, {'name': 'Football', 'count': 109}, {'name': 'NFL', 'count': 100}, {'name': 'Baseball', 'count': 63}, {'name': 'Basketball', 'count': 60}, {'name': 'Crime', 'count': 60}, {'name': 'MLB', 'count': 57}, {'name': 'Joe Biden', 'count': 51}, {'name': 'Russia-Ukraine War', 'count': 48}, {'name': 'Sports Figures', 'count': 37}]","[{'name': 'us', 'count': 1516}]","[{'name': 'Non-news', 'count': 109}, {'name': 'Roundup', 'count': 37}, {'name': 'Opinion', 'count': 34}, {'name': 'Pop Culture', 'count': 9}]",,,,,1914141.0,37296.0,,{'url': 'https://web-business-assets.s3.us-east-2.amazonaws.com/bostonherald.com.jpg'},
599223ac24d14fd7a3bb93df1954773f,observer.com,Observer,[],,183,,"[{'name': 'Entertainment', 'count': 22}, {'name': 'Tech', 'count': 16}, {'name': 'Business', 'count': 13}, {'name': 'Politics', 'count': 6}, {'name': 'Finance', 'count': 5}, {'name': 'Auto', 'count': 3}, {'name': 'General', 'count': 2}, {'name': 'Health', 'count': 2}, {'name': 'Sports', 'count': 2}, {'name': 'Lifestyle', 'count': 1}]","[{'name': 'Reviews', 'count': 28}, {'name': 'Business Leaders', 'count': 14}, {'name': 'Startups', 'count': 6}, {'name': 'AI', 'count': 5}, {'name': 'Fashion', 'count': 5}, {'name': 'Lawsuits', 'count': 5}, {'name': 'Markets', 'count': 5}, {'name': 'Movies', 'count': 5}, {'name': 'Silicon Valley', 'count': 5}, {'name': 'Silicon Valley Bank', 'count': 5}]","[{'name': 'us', 'count': 184}]","[{'name': 'Non-news', 'count': 49}, {'name': 'Opinion', 'count': 5}, {'name': 'Pop Culture', 'count': 4}]",,,,,1680774.0,49457.0,,,
73f12ddad65d478aa751482d3da5d368,freebeacon.com,,[],,262,,"[{'name': 'Politics', 'count': 130}, {'name': 'Lifestyle', 'count': 17}, {'name': 'General', 'count': 10}, {'name': 'Business', 'count': 5}, {'name': 'Tech', 'count': 5}, {'name': 'Environment', 'count': 4}, {'name': 'Sports', 'count': 3}, {'name': 'Auto', 'count': 2}, {'name': 'Entertainment', 'count': 2}, {'name': 'Finance', 'count': 1}]","[{'name': 'Joe Biden', 'count': 72}, {'name': 'Social Issues', 'count': 15}, {'name': 'Academia', 'count': 12}, {'name': 'California', 'count': 12}, {'name': 'GOP', 'count': 12}, {'name': 'Crime', 'count': 11}, {'name': 'Iran', 'count': 9}, {'name': 'China', 'count': 8}, {'name': 'Russia-Ukraine War', 'count': 8}, {'name': 'TikTok', 'count': 8}]","[{'name': 'us', 'count': 279}]","[{'name': 'Non-news', 'count': 11}, {'name': 'Opinion', 'count': 4}, {'name': 'Fact Check', 'count': 2}, {'name': 'Pop Culture', 'count': 2}]",,,,,1673429.0,51626.0,,{'url': 'https://web-business-assets.s3.us-east-2.amazonaws.com/freebeacon.com.png'},
4e8e70eff5c842f7b4f2039fa1bd684e,bizpacreview.com,BizPac Review,[],,865,,"[{'name': 'Politics', 'count': 344}, {'name': 'General', 'count': 45}, {'name': 'Entertainment', 'count': 42}, {'name': 'Health', 'count': 16}, {'name': 'Sports', 'count': 16}, {'name': 'Business', 'count': 9}, {'name': 'Environment', 'count': 8}, {'name': 'Tech', 'count': 8}, {'name': 'Finance', 'count': 5}, {'name': 'Auto', 'count': 4}]","[{'name': 'Joe Biden', 'count': 117}, {'name': 'Donald Trump', 'count': 108}, {'name': 'Social Issues', 'count': 72}, {'name': 'GOP', 'count': 50}, {'name': 'Ron DeSantis', 'count': 49}, {'name': 'Crime', 'count': 42}, {'name': 'Twitter', 'count': 33}, {'name': 'Florida', 'count': 30}, {'name': 'Racial Injustice', 'count': 30}, {'name': 'Russia-Ukraine War', 'count': 30}]","[{'name': 'us', 'count': 928}]","[{'name': 'Non-news', 'count': 39}, {'name': 'Opinion', 'count': 7}, {'name': 'Pop Culture', 'count': 7}, {'name': 'Press Release', 'count': 1}]",,,,,1662020.0,42275.0,,{'url': 'https://web-business-assets.s3.us-east-2.amazonaws.com/bizpacreview.com.png'},
9f34e3f118484057b5f4dc7bf56a22ad,dailysignal.com,The Daily Signal,"['The Daily', 'DailySignal', 'Conservative', 'heritage', 'TDS', 'dailysignal.com']",News/commentary on politics & culture. Published by conservative think tank The Heritage Foundation.,234,False,"[{'name': 'Politics', 'count': 97}, {'name': 'Tech', 'count': 5}, {'name': 'Health', 'count': 4}, {'name': 'Finance', 'count': 3}, {'name': 'General', 'count': 3}, {'name': 'Entertainment', 'count': 2}, {'name': 'Environment', 'count': 2}, {'name': 'Business', 'count': 1}, {'name': 'Sports', 'count': 1}]","[{'name': 'Joe Biden', 'count': 34}, {'name': 'Social Issues', 'count': 32}, {'name': 'Abortion', 'count': 13}, {'name': 'China', 'count': 12}, {'name': 'Coronavirus', 'count': 10}, {'name': 'LGBTQ', 'count': 10}, {'name': 'Ron DeSantis', 'count': 9}, {'name': 'Congress', 'count': 8}, {'name': 'GOP', 'count': 8}, {'name': 'Russia-Ukraine War', 'count': 8}]","[{'name': 'us', 'count': 250}]","[{'name': 'Non-news', 'count': 17}, {'name': 'Opinion', 'count': 9}, {'name': 'Roundup', 'count': 3}]",right,Right,Right,Right,1528230.0,59184.0,{'url': 'https://storage.googleapis.com/dev-dispatch-276213.appspot.com/Daily_Signal_Small_d467fc9d3e/Daily_Signal_Small_d467fc9d3e.png'},{'url': 'https://storage.googleapis.com/dev-dispatch-276213.appspot.com/Daily_Signal_Fav_Icon_cb52f9f2d0/Daily_Signal_Fav_Icon_cb52f9f2d0.png'},{'url': 'https://storage.googleapis.com/dev-dispatch-276213.appspot.com/Daily_Signal_Square_306ac81d6d/Daily_Signal_Square_306ac81d6d.png'}
68f5d6fdeda74dff9cdd8c8e76c6702e,richmond.com,Richmond Times-Dispatch,[],"read breaking richmond news, henrico county, and the metropolitan area of virginia. the latest weather, crime, politics, and more from the richmond times.",1276,,"[{'name': 'Sports', 'count': 378}, {'name': 'Politics', 'count': 191}, {'name': 'Entertainment', 'count': 97}, {'name': 'Business', 'count': 79}, {'name': 'General', 'count': 50}, {'name': 'Weather', 'count': 24}, {'name': 'Finance', 'count': 19}, {'name': 'Health', 'count': 17}, {'name': 'Science', 'count': 16}, {'name': 'World', 'count': 12}]","[{'name': 'Virginia', 'count': 133}, {'name': 'Basketball', 'count': 62}, {'name': 'Crime', 'count': 59}, {'name': 'College Sports', 'count': 51}, {'name': 'Movies', 'count': 30}, {'name': 'Academia', 'count': 27}, {'name': 'Football', 'count': 23}, {'name': 'Joe Biden', 'count': 23}, {'name': 'Russia-Ukraine War', 'count': 20}, {'name': 'Baseball', 'count': 17}]","[{'name': 'us', 'count': 1419}]","[{'name': 'Non-news', 'count': 154}, {'name': 'Opinion', 'count': 85}, {'name': 'Pop Culture', 'count': 36}, {'name': 'Gallery', 'count': 18}, {'name': 'Roundup', 'count': 13}, {'name': 'Fact Check', 'count': 1}]",,,,,1409738.0,47859.0,,{'url': 'https://web-business-assets.s3.us-east-2.amazonaws.com/richmond.com.ico'},
98499ddde3c748129b67229efe1d1f32,newsbusters.org,NewsBusters,[],"welcome to newsbusters, a project of the media research center (mrc), americas leading media watchdog in documenting, exposing",430,,"[{'name': 'Politics', 'count': 139}, {'name': 'Lifestyle', 'count': 97}, {'name': 'Business', 'count': 44}, {'name': 'Sports', 'count': 24}, {'name': 'Tech', 'count': 19}, {'name': 'Entertainment', 'count': 18}, {'name': 'General', 'count': 14}, {'name': 'Environment', 'count': 7}, {'name': 'Health', 'count': 3}, {'name': 'Auto', 'count': 1}]","[{'name': 'Joe Biden', 'count': 55}, {'name': 'Social Issues', 'count': 45}, {'name': 'GOP', 'count': 43}, {'name': 'Donald Trump', 'count': 32}, {'name': 'Ron DeSantis', 'count': 30}, {'name': 'Media', 'count': 25}, {'name': 'Coronavirus', 'count': 18}, {'name': 'TikTok', 'count': 18}, {'name': 'Abortion', 'count': 16}, {'name': 'LGBTQ', 'count': 16}]","[{'name': 'us', 'count': 481}]","[{'name': 'Non-news', 'count': 41}, {'name': 'Opinion', 'count': 9}, {'name': 'Pop Culture', 'count': 6}, {'name': 'Roundup', 'count': 2}, {'name': 'Fact Check', 'count': 1}]",,,,,1194358.0,76148.0,,{'url': 'https://web-business-assets.s3.us-east-2.amazonaws.com/newsbusters.org.png'},
658c47c5a66149a4875629a2bf433f3c,city-journal.org,City Journal,[],,28,,"[{'name': 'Politics', 'count': 4}, {'name': 'Environment', 'count': 1}, {'name': 'Tech', 'count': 1}]","[{'name': 'Podcasts', 'count': 3}, {'name': 'California', 'count': 2}, {'name': 'Chicago', 'count': 2}, {'name': 'Christianity', 'count': 2}, {'name': 'Illinois', 'count': 2}, {'name': 'NYC', 'count': 2}, {'name': 'New York', 'count': 2}, {'name': 'Social Issues', 'count': 2}, {'name': 'China', 'count': 1}, {'name': 'Climate Change', 'count': 1}]","[{'name': 'us', 'count': 30}]","[{'name': 'Non-news', 'count': 5}, {'name': 'Opinion', 'count': 1}]",,,,,1154621.0,75215.0,,{'url': 'https://web-business-assets.s3.us-east-2.amazonaws.com/city-journal.org.ico'},
29e77dc5214c46338dc8e5ed69563cb2,tabletmag.com,Tablet Magazine,[],,55,,"[{'name': 'Politics', 'count': 3}, {'name': 'Lifestyle', 'count': 2}, {'name': 'Entertainment', 'count': 1}]","[{'name': 'Israel', 'count': 4}, {'name': 'Podcasts', 'count': 4}, {'name': 'Russia-Ukraine War', 'count': 4}, {'name': 'Jewish', 'count': 3}, {'name': 'Ukraine', 'count': 3}, {'name': 'Food & Drink', 'count': 2}, {'name': 'Joe Biden', 'count': 2}, {'name': 'Africa', 'count': 1}, {'name': 'Brooks', 'count': 1}, {'name': 'China', 'count': 1}]","[{'name': 'us', 'count': 68}]","[{'name': 'Non-news', 'count': 7}, {'name': 'Pop Culture', 'count': 1}]",,,,,1133720.0,66708.0,,,
f840146a6eaf49738eebe2623a9ffd5e,thedispatch.com,The Dispatch,[],,172,,"[{'name': 'Politics', 'count': 39}, {'name': 'General', 'count': 3}, {'name': 'Tech', 'count': 2}, {'name': 'Entertainment', 'count': 1}, {'name': 'Health', 'count': 1}, {'name': 'Sports', 'count': 1}, {'name': 'Weather', 'count': 1}]","[{'name': 'Donald Trump', 'count': 16}, {'name': 'Fact-Checking', 'count': 9}, {'name': 'Ron DeSantis', 'count': 8}, {'name': 'Russia-Ukraine War', 'count': 8}, {'name': 'China', 'count': 6}, {'name': 'Joe Biden', 'count': 6}, {'name': 'Social Issues', 'count': 6}, {'name': 'GOP', 'count': 5}, {'name': 'Russia', 'count': 4}, {'name': 'Coronavirus', 'count': 3}]","[{'name': 'us', 'count': 196}]","[{'name': 'Non-news', 'count': 34}, {'name': 'Fact Check', 'count': 9}, {'name': 'Opinion', 'count': 3}, {'name': 'Pop Culture', 'count': 1}]",,,,,1041615.0,69713.0,,{'url': 'https://web-business-assets.s3.us-east-2.amazonaws.com/thedispatch.com.ico'},
aca6b8fa22e14801b0d96474c8078f5c,quillette.com,Quillette,[],,14,,[],[],"[{'name': 'us', 'count': 12}]","[{'name': 'Non-news', 'count': 1}]",,,,,932817.0,94092.0,,{'url': 'https://web-business-assets.s3.us-east-2.amazonaws.com/quillette.com.png'},
a327dbe38c7141bea53464b6ba2f8bbc,ijr.com,Independent Journal Review,[],,560,,"[{'name': 'Politics', 'count': 238}, {'name': 'Entertainment', 'count': 65}, {'name': 'General', 'count': 34}, {'name': 'Sports', 'count': 20}, {'name': 'Auto', 'count': 7}, {'name': 'Health', 'count': 5}, {'name': 'Business', 'count': 4}, {'name': 'Travel', 'count': 4}, {'name': 'Finance', 'count': 2}, {'name': 'Tech', 'count': 2}]","[{'name': 'Joe Biden', 'count': 91}, {'name': 'Donald Trump', 'count': 57}, {'name': 'Crime', 'count': 33}, {'name': 'Social Issues', 'count': 28}, {'name': 'GOP', 'count': 24}, {'name': 'Twitter', 'count': 22}, {'name': 'Ron DeSantis', 'count': 19}, {'name': 'Russia-Ukraine War', 'count': 18}, {'name': 'Media', 'count': 16}, {'name': 'Ukraine', 'count': 12}]","[{'name': 'us', 'count': 619}]","[{'name': 'Opinion', 'count': 134}, {'name': 'Non-news', 'count': 16}, {'name': 'Pop Culture', 'count': 15}, {'name': 'Fact Check', 'count': 2}, {'name': 'Gallery', 'count': 1}, {'name': 'Press Release', 'count': 1}]",,,,,922025.0,79812.0,,{'url': 'https://web-business-assets.s3.us-east-2.amazonaws.com/ijr.com.png'},
435400df0aaa4dfaa91d755f9f00b453,judicialwatch.org,Judicial Watch,[],,17,,"[{'name': 'Politics', 'count': 6}, {'name': 'General', 'count': 4}]","[{'name': 'Lawsuits', 'count': 5}, {'name': 'Crime', 'count': 4}, {'name': 'Donald Trump', 'count': 2}, {'name': 'Joe Biden', 'count': 2}, {'name': 'Los Angeles', 'count': 2}, {'name': 'Social Issues', 'count': 2}, {'name': 'Terrorism', 'count': 2}, {'name': 'Texas', 'count': 2}, {'name': 'Abortion', 'count': 1}, {'name': 'Academia', 'count': 1}]","[{'name': 'us', 'count': 26}]","[{'name': 'Non-news', 'count': 2}]",,,,,880071.0,82744.0,,{'url': 'https://web-business-assets.s3.us-east-2.amazonaws.com/judicialwatch.org.ico'},
230165807b40479fbf7dc7d94b9dfccd,thecentersquare.com,The Center Square,[],,1038,,"[{'name': 'Politics', 'count': 243}, {'name': 'Health', 'count': 49}, {'name': 'Business', 'count': 22}, {'name': 'General', 'count': 18}, {'name': 'Finance', 'count': 17}, {'name': 'Tech', 'count': 17}, {'name': 'Environment', 'count': 14}, {'name': 'Travel', 'count': 11}, {'name': 'Auto', 'count': 10}, {'name': 'Sports', 'count': 7}]","[{'name': 'Illinois', 'count': 88}, {'name': 'Social Issues', 'count': 52}, {'name': 'Taxes', 'count': 39}, {'name': 'California', 'count': 38}, {'name': 'Coronavirus', 'count': 37}, {'name': 'Arizona', 'count': 34}, {'name': 'Tennessee', 'count': 31}, {'name': 'Ohio', 'count': 30}, {'name': 'Texas', 'count': 30}, {'name': 'Michigan', 'count': 28}]","[{'name': 'us', 'count': 1161}]","[{'name': 'Non-news', 'count': 33}, {'name': 'Opinion', 'count': 25}, {'name': 'Roundup', 'count': 3}]",,,,,708788.0,94079.0,,{'url': 'https://web-business-assets.s3.us-east-2.amazonaws.com/thecentersquare.com.ico'},
5cb741ab74c94acb8a949f0583bdc9f1,dailypress.com,Daily Press,[],"online resource for hampton roads news and virginia news, including coverage of newport news, hampton and beyond from daily press",699,,"[{'name': 'Sports', 'count': 143}, {'name': 'Politics', 'count': 81}, {'name': 'Entertainment', 'count': 78}, {'name': 'Business', 'count': 74}, {'name': 'General', 'count': 59}, {'name': 'Health', 'count': 22}, {'name': 'Lifestyle', 'count': 15}, {'name': 'Weather', 'count': 15}, {'name': 'Tech', 'count': 8}, {'name': 'Travel', 'count': 8}]","[{'name': 'Virginia', 'count': 80}, {'name': 'Crime', 'count': 75}, {'name': 'Basketball', 'count': 51}, {'name': 'Virginia Beach', 'count': 41}, {'name': 'Academia', 'count': 29}, {'name': 'College Sports', 'count': 28}, {'name': 'Social Issues', 'count': 22}, {'name': 'Joe Biden', 'count': 19}, {'name': 'Russia-Ukraine War', 'count': 17}, {'name': 'Food & Drink', 'count': 15}]","[{'name': 'us', 'count': 822}]","[{'name': 'Non-news', 'count': 91}, {'name': 'Opinion', 'count': 75}, {'name': 'Roundup', 'count': 32}, {'name': 'Pop Culture', 'count': 14}]",,,,,630194.0,94637.0,,{'url': 'https://web-business-assets.s3.us-east-2.amazonaws.com/dailypress.com.ico'},
ac813b692e5e44b38b79823db758dd07,brownstone.org,Brownstone Institute,[],,62,,"[{'name': 'Politics', 'count': 5}, {'name': 'Health', 'count': 4}, {'name': 'General', 'count': 1}, {'name': 'Sports', 'count': 1}, {'name': 'Tech', 'count': 1}]","[{'name': 'Coronavirus', 'count': 9}, {'name': 'Donald Trump', 'count': 2}, {'name': 'FDA', 'count': 2}, {'name': 'Ron DeSantis', 'count': 2}, {'name': 'Abortion', 'count': 1}, {'name': 'Academia', 'count': 1}, {'name': 'Angela Merkel', 'count': 1}, {'name': 'Crime', 'count': 1}, {'name': 'Florida', 'count': 1}, {'name': 'Germany', 'count': 1}]","[{'name': 'us', 'count': 70}]","[{'name': 'Non-news', 'count': 13}, {'name': 'Opinion', 'count': 2}]",,,,,573110.0,136801.0,,{'url': 'https://web-business-assets.s3.us-east-2.amazonaws.com/brownstone.org.png'},
19f134f852da4c908264ae4c2851a3d9,spectator.org,,[],,0,,"[{'name': 'Politics', 'count': 1}]",[],"[{'name': 'us', 'count': 1}]",[],,,,,544123.0,75467.0,,,
5c135928a3484666bf5af4c098fa5b20,cnsnews.com,CNSNews.com,[],,342,,"[{'name': 'Politics', 'count': 141}, {'name': 'General', 'count': 12}, {'name': 'Business', 'count': 8}, {'name': 'Health', 'count': 7}, {'name': 'Tech', 'count': 5}, {'name': 'Entertainment', 'count': 4}, {'name': 'Finance', 'count': 3}, {'name': 'Science', 'count': 1}, {'name': 'Travel', 'count': 1}]","[{'name': 'Joe Biden', 'count': 52}, {'name': 'Russia-Ukraine War', 'count': 46}, {'name': 'Russia', 'count': 35}, {'name': 'China', 'count': 30}, {'name': 'Social Issues', 'count': 24}, {'name': 'Ukraine', 'count': 22}, {'name': 'Donald Trump', 'count': 18}, {'name': 'GOP', 'count': 18}, {'name': 'Coronavirus', 'count': 14}, {'name': 'Vladimir Putin', 'count': 13}]","[{'name': 'us', 'count': 376}]","[{'name': 'Non-news', 'count': 19}, {'name': 'Opinion', 'count': 5}]",,,,,464975.0,134918.0,,{'url': 'https://web-business-assets.s3.us-east-2.amazonaws.com/cnsnews.com.png'},
ab45dd286ca547949fb96d124e93ed74,thecollegefix.com,The College Fix,[],"original, student-reported. your daily dose of right-minded news and commentary from across the nation.",134,,"[{'name': 'Politics', 'count': 16}, {'name': 'Health', 'count': 5}, {'name': 'Environment', 'count': 2}, {'name': 'General', 'count': 2}, {'name': 'Sports', 'count': 2}, {'name': 'Business', 'count': 1}, {'name': 'Entertainment', 'count': 1}, {'name': 'Finance', 'count': 1}, {'name': 'Tech', 'count': 1}]","[{'name': 'Academia', 'count': 139}, {'name': 'Social Issues', 'count': 29}, {'name': 'Racial Injustice', 'count': 11}, {'name': 'LGBTQ', 'count': 7}, {'name': 'Texas', 'count': 6}, {'name': 'Florida', 'count': 5}, {'name': 'Protests', 'count': 5}, {'name': 'Christianity', 'count': 4}, {'name': 'Joe Biden', 'count': 4}, {'name': 'Abortion', 'count': 3}]","[{'name': 'us', 'count': 139}]","[{'name': 'Opinion', 'count': 3}, {'name': 'Non-news', 'count': 2}]",,,,,399753.0,143764.0,,{'url': 'https://web-business-assets.s3.us-east-2.amazonaws.com/thecollegefix.com.ico'},
0db8a7ea211d479784fd8ebfb50a7c6e,rasmussenreports.com,Rasmussen Reports,[],,29,,"[{'name': 'Politics', 'count': 24}, {'name': 'Lifestyle', 'count': 4}, {'name': 'Business', 'count': 2}, {'name': 'Environment', 'count': 2}, {'name': 'General', 'count': 1}]","[{'name': 'Voters', 'count': 9}, {'name': 'Joe Biden', 'count': 4}, {'name': 'Donald Trump', 'count': 3}, {'name': 'GOP', 'count': 3}, {'name': 'Climate Change', 'count': 2}, {'name': 'Coronavirus', 'count': 2}, {'name': 'Russia-Ukraine War', 'count': 2}, {'name': 'Ukraine', 'count': 2}, {'name': 'Academia', 'count': 1}, {'name': 'Arizona', 'count': 1}]","[{'name': 'us', 'count': 40}]","[{'name': 'Non-news', 'count': 8}, {'name': 'Roundup', 'count': 1}]",,,,,356569.0,181277.0,,,
aa52c6748aa54fad9dbabca25f2d0b13,policetribune.com,The Police Tribune,[],,53,,"[{'name': 'General', 'count': 32}, {'name': 'Politics', 'count': 4}, {'name': 'Health', 'count': 3}, {'name': 'Lifestyle', 'count': 1}, {'name': 'Science', 'count': 1}]","[{'name': 'Crime', 'count': 32}, {'name': 'Law Enforcement', 'count': 6}, {'name': 'Florida', 'count': 5}, {'name': 'California', 'count': 4}, {'name': 'Oklahoma', 'count': 2}, {'name': 'Social Issues', 'count': 2}, {'name': 'Tennessee', 'count': 2}, {'name': 'Texas', 'count': 2}, {'name': 'Arizona', 'count': 1}, {'name': 'Arkansas', 'count': 1}]","[{'name': 'us', 'count': 82}]",[],,,,,322912.0,171430.0,,{'url': 'https://web-business-assets.s3.us-east-2.amazonaws.com/policetribune.com.png'},
2179d36a568a4c05a814bc72488c64e0,theimaginativeconservative.org,,[],,23,,"[{'name': 'Politics', 'count': 1}]","[{'name': 'Georgia', 'count': 1}]","[{'name': 'us', 'count': 27}]","[{'name': 'Non-news', 'count': 3}]",,,,,305389.0,208254.0,,,
4a04e107d10044e6a7559fffdfe08d05,wiscnews.com,WiscNews,[],"read the regional and community headlines for portage, baraboo and beaver dam wisconsin.",502,,"[{'name': 'Sports', 'count': 111}, {'name': 'Weather', 'count': 28}, {'name': 'General', 'count': 17}, {'name': 'Business', 'count': 16}, {'name': 'Politics', 'count': 9}, {'name': 'Entertainment', 'count': 5}, {'name': 'Health', 'count': 4}, {'name': 'Environment', 'count': 2}, {'name': 'Finance', 'count': 2}, {'name': 'World', 'count': 2}]","[{'name': 'Wisconsin', 'count': 54}, {'name': 'Basketball', 'count': 52}, {'name': 'Crime', 'count': 21}, {'name': 'In Memoriam', 'count': 21}, {'name': 'Football', 'count': 19}, {'name': 'NFL', 'count': 9}, {'name': 'Social Issues', 'count': 8}, {'name': 'March Madness', 'count': 7}, {'name': 'Aaron Rodgers', 'count': 6}, {'name': 'College Sports', 'count': 6}]","[{'name': 'us', 'count': 499}]","[{'name': 'Non-news', 'count': 65}, {'name': 'Opinion', 'count': 43}, {'name': 'Gallery', 'count': 15}, {'name': 'Roundup', 'count': 6}]",,,,,233245.0,260541.0,,{'url': 'https://web-business-assets.s3.us-east-2.amazonaws.com/wiscnews.com.ico'},
a3c8dbcc1d8248798944d33345a56ab6,thetexan.news,The Texan,[],,60,,"[{'name': 'Politics', 'count': 31}, {'name': 'Health', 'count': 3}, {'name': 'General', 'count': 2}, {'name': 'Finance', 'count': 1}]","[{'name': 'Texas', 'count': 33}, {'name': 'Social Issues', 'count': 6}, {'name': 'Abortion', 'count': 4}, {'name': 'Podcasts', 'count': 4}, {'name': 'Coronavirus', 'count': 3}, {'name': 'Crime', 'count': 3}, {'name': 'GOP', 'count': 3}, {'name': 'Supreme Court', 'count': 3}, {'name': 'Activism', 'count': 2}, {'name': 'Immigration', 'count': 2}]","[{'name': 'us', 'count': 61}]","[{'name': 'Non-news', 'count': 4}, {'name': 'Roundup', 'count': 4}]",,,,,90789.0,546122.0,,{'url': 'https://web-business-assets.s3.us-east-2.amazonaws.com/thetexan.news.png'},
731d787cb8ac4e6487e1dfe845fef366,americas1stfreedom.org,America's 1st Freedom,[],,8,,"[{'name': 'Health', 'count': 2}]","[{'name': 'NRA', 'count': 7}, {'name': 'Second Amendment', 'count': 7}, {'name': 'CDC', 'count': 2}, {'name': 'Media', 'count': 1}, {'name': 'Social Issues', 'count': 1}]","[{'name': 'us', 'count': 7}]","[{'name': 'Opinion', 'count': 1}]",,,,,63454.0,761564.0,,{'url': 'https://web-business-assets.s3.us-east-2.amazonaws.com/americas1stfreedom.org.ico'},
5cc663961b4d4b56abd1b2411c2fffc9,waldo.villagesoup.com,Republican Journal,[],,198,,"[{'name': 'Auto', 'count': 3}, {'name': 'Politics', 'count': 3}, {'name': 'Sports', 'count': 3}, {'name': 'General', 'count': 1}, {'name': 'Health', 'count': 1}, {'name': 'Science', 'count': 1}, {'name': 'Weather', 'count': 1}]","[{'name': 'Maine', 'count': 8}, {'name': 'California', 'count': 4}, {'name': 'Stockton', 'count': 4}, {'name': 'Traffic', 'count': 4}, {'name': 'Academia', 'count': 3}, {'name': 'Brooks', 'count': 3}, {'name': 'Lawsuits', 'count': 3}, {'name': 'Reviews', 'count': 3}, {'name': 'Coronavirus', 'count': 2}, {'name': 'Crime', 'count': 2}]","[{'name': 'us', 'count': 229}]","[{'name': 'Opinion', 'count': 18}, {'name': 'Non-news', 'count': 7}]",,,,,53281.0,,,{'url': 'https://web-business-assets.s3.us-east-2.amazonaws.com/waldo.villagesoup.com.png'},
3a162ce4c0c74e2a940db4901d131888,thefiscaltimes.com,The Fiscal Times,[],,48,,"[{'name': 'Politics', 'count': 25}, {'name': 'Health', 'count': 4}, {'name': 'Business', 'count': 2}, {'name': 'Finance', 'count': 1}]","[{'name': 'Joe Biden', 'count': 20}, {'name': 'GOP', 'count': 13}, {'name': 'Social Security', 'count': 6}, {'name': 'Inflation', 'count': 5}, {'name': 'Markets', 'count': 4}, {'name': 'Taxes', 'count': 4}, {'name': 'Coronavirus', 'count': 3}, {'name': 'Federal Reserve', 'count': 3}, {'name': 'Business Leaders', 'count': 2}, {'name': 'IRS', 'count': 2}]","[{'name': 'us', 'count': 58}]","[{'name': 'Non-news', 'count': 1}, {'name': 'Roundup', 'count': 1}]",,,,,44397.0,976836.0,,,
2e37eb3e80c143249f5c0be8b9b19a1a,thelibertarianrepublic.com,The Libertarian Republic,[],,6,,"[{'name': 'Politics', 'count': 2}]","[{'name': 'Christianity', 'count': 1}, {'name': 'Congress', 'count': 1}, {'name': 'United Kingdom', 'count': 1}]","[{'name': 'us', 'count': 10}]","[{'name': 'Non-news', 'count': 5}]",,,,,26607.0,1435283.0,,{'url': 'https://web-business-assets.s3.us-east-2.amazonaws.com/thelibertarianrepublic.com.jpeg'},
176eb01b94ec4b208876382b8381ddc1,bearingdrift.com,Bearing Drift,[],,18,,"[{'name': 'Politics', 'count': 5}, {'name': 'Sports', 'count': 1}]","[{'name': 'Ron DeSantis', 'count': 3}, {'name': 'Donald Trump', 'count': 2}, {'name': 'Basketball', 'count': 1}, {'name': 'Florida', 'count': 1}, {'name': 'GOP', 'count': 1}, {'name': 'Iraq', 'count': 1}, {'name': 'Joe Biden', 'count': 1}, {'name': 'Liz Cheney', 'count': 1}, {'name': 'March Madness', 'count': 1}, {'name': 'Russia', 'count': 1}]","[{'name': 'us', 'count': 17}]","[{'name': 'Non-news', 'count': 3}]",,,,,14997.0,1365753.0,,{'url': 'https://web-business-assets.s3.us-east-2.amazonaws.com/bearingdrift.com.ico'},
76e671bad5dc4379a4048ced8982de84,iowatorch.com,The Iowa Torch,[],,18,,"[{'name': 'Politics', 'count': 5}]","[{'name': 'Iowa', 'count': 25}, {'name': 'Joe Biden', 'count': 2}, {'name': 'Social Issues', 'count': 2}, {'name': 'Taxes', 'count': 2}, {'name': 'Academia', 'count': 1}, {'name': 'Coronavirus', 'count': 1}, {'name': 'LGBTQ', 'count': 1}, {'name': 'Lawsuits', 'count': 1}, {'name': 'Racial Injustice', 'count': 1}, {'name': 'Trans Rights', 'count': 1}]","[{'name': 'us', 'count': 25}]",[],,,,,8356.0,2613184.0,,,
f971b9b07970411abf22bc4eb32a6af2,humanevents.com,,[],,0,,[],"[{'name': 'Lawsuits', 'count': 1}]","[{'name': 'us', 'count': 1}]",[],,,,,,,,,
